10000001	ちっぽけな勇気	FUNKY MONKEY BABYS
10000002	風になりたい	THE BOOM
10000003	気分上々↑↑	mihimaru GT
10000004	PLAY THE GAME	ロードオブメジャー
10000005	一色	
10000006	粉雪	
10000007	Love so sweet	
10000008	全力少年	
10000009	抱いてセニョリータ	
10000010	キューティーハニー	
10000011	ふがいないや	
10000012	こんなに近くで...	
10000013	POP STAR	
10000014	天体観測	
10000015	endscape	
10000016	負けないで	
10000017	My Love	川嶋あい
10000018	Good bye little girl	Mi
10000019	A Perfect Sky	
10000020	シャナナ☆	MINMI
10000021	SPEED KING	
10000022	Real voice	
10000023	魁！ミッドナイト	RIKI
10000024	FREE FREE	鈴木亜美 joins 中田ヤスタカ(capsule)
10000025	冒険者たち	Do As Infinity
10000026	キスしてほしい	
10000027	光のロック	
10000028	BELIEVE IN LOVE	
10000029	BLOOD on FIRE	AAA
10000030	BLUE BIRD	
10000031	I my me mine	
10000032	太陽の地図	
10000033	PEACH	
10000034	YELL ～エール～	
10000035	rose	ANNA inspi' NANA(BLACK STONES)
10000036	bass 2 bass	Ryu☆
10000037	天国と地獄	Mutsuhiko Izumi
10000038	GIGA BREAK	96
10000039	Icicles	Jimmy Weckl
10000040	Jumping Boogie	Kozo Nakamura
10000041	Snow Goose	Mutsuhiko Izumi
10000042	Polaris	Mutsuhiko Izumi
10000043	Happy Happy	ki☆ki
10000044	I love マミー	荒牧陽子
10000045	Chance and Dice	日本少年
10000046	Y.M.C.A.	Village People
10000047	I'M IN THE MOOD FOR DANCING	
10000048	Scatman (Ski Ba Bop Ba Dop Bop)	Scatman John
10000050	Kiss Kiss	Chris Brown featuring T-Pain
10000051	IN THE NAME OF LOVE	Y&Co. feat. Erica
10000052	Special One	kors k feat. Suzuyo Miyamoto
10000053	Sandstorm	
10000062	Crosswind	Mutsuhiko Izumi
10000064	あいのうた	肥塚良彦
10000065	Evans	DJ YOSHITAKA
10000066	In Scottish Highlands	Thomas Howard Lichtenstein
10000067	SigSig	kors k
10000068	凛として咲く花の如く	紅色リトマス
10000069	TRUE♥LOVE	jun feat. Schanita
10000070	Slang	Kozo Nakamura
11000001	Insanity: Luna	BEMANI Sound Team "SYUNN"
11000002	Victory of the Century	BEMANI Sound Team "TAG"
11000003	Cranberry	BEMANI Sound Team "肥塚良彦"
11000004	†渚のリベンジΣ脈あり!?バケェ～ション†	とろピカるサマー☆Prim
11000005	Reincarnation Of Dead Petal	BEMANI Sound Team "Akhuta Works"
11000006	Insanity: Sol	BEMANI Sound Team "Yvya"
11000007	怪獣大戦争	BEMANI Sound Team "桃山珍太郎"
11000008	Elysion ex machina	OSTER project
11000009	Time Lapse	Hommarju
11000010	ZIGZAG COWBOY	BEMANI Sound Team "劇団レコード"
11000011	Explore Every Ave.	BEMANI Sound Team "SYUNN"
11000013	Liar×Girl	BEMANI Sound Team "HuΣeR" feat.ゆきまめ
11000014	Crackpot Evangelist	BEMANI Sound Team "ZAQUVA"
11000016	Lost Dream	Tatsunoshin
11000017	見えない星の渡り方	Capchii feat. ことの
11000018	Anubis	ARForest
11000019	和beat	Flash back Dominant
11000020	Mr.REAPER	eksΩ feat.ロクナナハチ
11000021	Flying soda	猫叉Master feat.林ももこ
11000022	brown hawk owl	BEMANI Sound Team "S-C-U"
11000023	ヒトガタ	HIMEHINA
11000024	神っぽいな	ピノキオピー
11000025	一途	(King Gnu)
11000026	ミックスナッツ	(Official髭男dism)
11000027	ネトゲ廃人シュプレヒコール	さつき が てんこもり
11000028	New World	FELT
11000029	銀の旋律-Silver melodia-	ちょこふぁん
11000030	Fly Above	Sota Fujimori
11000031	Don't believe the hype	DJ Mass MAD Izm* feat.H14(LEONAIR)
11000032	Chewingood!!!	TORIENA
11000033	Virus Funk	Nhato
11000034	Slipstream	lapix
11000035	DIAMOND CROSSING	S-C-U vs L.E.D.
11000036	satfinal	RAM
11000037	Go Beyond!!	Ryu☆ Vs. Sota
11000038	シープドリーミン	テヅカ feat. 大西あみみ
11000039	€omet popcorn	pan
11000040	I	黒魔	
11000041	archive::zip	kamome sano
11000042	Freeway Shuffle	dj TAKA
11000043	La libertad	Cheryl Horrocks
11000044	Pierce The Sky	JAKAZiD feat. K.N.
11000045	Blew My Mind	Sota F.
11000046	nightbird lost wing	猫叉Master+
11000047	エンドルフィン	U1 overground
11000048	HAPPY☆LUCKY☆YEAPPY	DJ ミラクル☆ストーン
11000049	out of focus	Qrispy Joybox
11000050	ハウリング	Liz Triangle
11000051	東京テディベア	Neru
20000001	ロボットハニー	Aira Mitsuki
20000002	情熱大陸	
20000003	にんげんっていいな	ガガガSP
20000004	Musical Messenger	九州男
20000006	今	ET-KING
20000007	Kiss & Ride	中塚武
20000008	愛 NEED	キマグレン
20000009	バカサバイバー	ウルフルズ
20000010	Garden of Love	
20000011	素直になれたら	
20000012	労働 CALLING	怒髪天
20000013	パンキッシュ☆	mihimaru GT
20000014	鬼帝の剣	ALI PROJECT
20000015	キミ、メグル、ボク	
20000016	HOT LIMIT	
20000017	PROMiSE	
20000018	My SunShine	
20000019	明日ハレルヤ！	岡本真夜x大橋卓弥(from スキマスイッチ)
20000020	Fantasista	Dragon Ash
20000021	星に願いを	flumpool
20000022	夏祭り	
20000023	ワープ	lego big morl
20000024	フルカラープログラム	UNISON SQUARE GARDEN
20000025	ちょうどいいとこにいたい	たむらぱん
20000026	友達に贈る歌	Sonar Pocket
20000027	マスタッシュ	木村カエラ
20000028	チャクラ	BENNIE K
20000029	ふりぃ	阿部真央
20000030	Clover	Yum!Yum!ORANGE
20000031	空色デイズ	
20000032	Lovin' Life	
20000033	more more more	capsule
20000034	愛をとりもどせ!!	
20000037	ウィリアム・テル序曲	W.T.Orchestra
20000038	隅田川夏恋歌	seiya-murai feat. ALT
20000039	AREA 51	96
20000040	eyes	小野秀幸
20000041	STARLIT DUST/スティルに捧ぐ	Des-ROW+ANT
20000042	Queen's Paradise	Nanako
20000043	coming true	GUHROOVY Vs. L.E.D.
20000044	Shining Star	Sota Fujimori feat. Nagisa
20000045	Good-bye Chalon	猫叉Master+
20000046	SWEET ANGEL	古川もとあき
20000047	INVISIBLE WORLD	SILKY F
20000048	Russian Snowy Dance	Mutsuhiko Izumi
20000049	恋のメリーゴーランド	森野くま子
20000050	ECO FIGHTER	入尾信充
20000051	Macuilxochitl	TOMOSUKE
20000053	Haru Haru	BIGBANG
20000055	Control	kary ng
20000056	Golden House	bma 群星
20000057	GyaShan	Lollipop
20000100	MR.アンディ	UNISON SQUARE GARDEN
20000101	そらとぶひかり	COLTEMÖNIKHA
20000102	Secret Word	GOLLBETTY
20000103	理由なき反抗	おとぎ話
20000104	A Dance & A Beer	REDEMPTION 97
20000105	Infinity	GIRL NEXT DOOR
20000106	夢見る少女じゃいられない	相川七瀬
20000107	Love You	Q;indivi
20000108	夢	鴉
20000109	Share The World	東方神起
20000110	a fact of life	FACT
20000111	アンビリ一バボ一 feat.TAKUYA	mihimaru GT
20000112	紅空	lecca
20000113	Jump Pump	miray
20000114	歩いて帰ろう	斉藤和義
20000120	AIR RAID FROM THA UNDAGROUND	GUHROOVY
20000121	スペースカーニバル	shooting star
20000122	Lead Me	SHOGO
20000123	少年リップルズ	常盤ゆう
20000124	コイノチカラ	石阪久美子
20000125	ALBIDA	DJ YOSHITAKA
30000001	大都会交響楽	PIZZICATO FIVE
30000002	NEU!	√thumm
30000003	Supernova	9mm Parabellum Bullet
30000004	only my railgun	fripSide
30000005	Love Space Ship	SHANADOO
30000006	An imitation's superstar	VOLA & THE ORIENTAL MACHINE
30000007	サマータイム	DigiCut
30000008	paparuwa	Fantastic Plastic Machine
30000009	アルクアラウンド	サカナクション
30000010	銀河	フジファブリック
30000011	元気でやってるのかい?	イルリメ
30000012	Kick It Out	ブンブンサテライツ
30000013	SHINE×SHINE×SHINE×SHINE	エイプリルズ
30000014	B・M・W	SNAIL RAMP
30000015	Runner	爆風スランプ
30000016	スマイル一番 イイ♀	アンティック-珈琲店-
30000017	大迷惑	UNICORN
30000018	Supercalifragilisticexpialidocious	
30000019	Lost Boy	SEAMO
30000020	Promise	NEW STRIKE ZIPPER
30000021	Whatever	SOULHEAD
30000022	lovely my girl	シュクレット
30000023	キラキラ☆	Mizca
30000024	LOVE & JOY	木村由姫
30000025	Walkin', runnin', singin', fightin'	BREMEN
30000026	HOT DOG	THE BAWDIES
30000027	じょいふる	
30000028	だから一歩前へ踏み出して	Hi-Fi CAMP
30000029	BRANDNEW DAYS	Purple Days
30000030	city talk	Half-Life
30000031	日進月歩	Jeepta
30000032	HALLUCINATION	UZUMAKI
30000033	SAMURAI GROOVE	DUFF
30000034	Are U Ready?	mini
30000035	メンドクサイ愛情	大島麻衣
30000036	白鳥の湖	Swan Lake Orchestra
30000037	Green Green Dance	Mutsuhiko Izumi
30000038	Ready Go!!	荒牧陽子
30000039	Shining Wizard	96
30000040	ALL MY HEART -この恋に、私の全てを賭ける-	SUPER HEROINE 彩香-AYAKA-
30000041	Love♥km	dj TAKA feat. REN
30000042	fellow	ピンクターボ
30000043	KUNG-FU MAMA	seiya-murai feat.ALT
30000044	さよならトリップ	Dormir
30000045	Far east nightbird	猫叉Master
30000046	Prophet Vibe	Sota Fujimori feat. Calin
30000047	STREET DANCER	SILKY F
30000048	I'm so Happy	Ryu☆
30000049	Shine On Me	kors k
30000050	Sweet Rain	Y&Co. feat. Karin
30000051	勝って泣こうゼッ!	T-Pistonz+KMC
30000052	カーニバる？	ナオト・インティライミ
30000101	SOS	たむらぱん
30000102	タイムラグ	つしまみれ
30000103	LISTEN TO THE STEREO!!	GOING UNDER GROUND
30000104	トラヴェルマシン	Hilcrhyme
30000105	Sunshine Girl	moumoon
30000106	今すぐKiss Me	JURIAN BEAT CRISIS
30000107	君をのせて feat.sayurina	新井大樹
30000108	となりのトトロ feat.sayurina	新井大樹
30000109	hammer ska	10-FEET
30000110	ニンジャマンジャパンのテーマ	ニンジャマンジャパン
30000111	Dough-nut's Town's Map	Plus-Tech Squeeze Box
30000112	MIND SHIFT	WORLD ORDER
30000113	Cake House (Korean.Ver)	TENSI LOVE
30000114	R.P.G.~Rockin' Playing Game	SuG
30000115	ファンタジー	世界の終わり
30000116	CAT'S EYE	杏里
30000121	FLOWER	DJ YOSHITAKA
30000122	Theory of Eternity	TAG
30000123	Jailbreak	Kozo Nakamura
30000124	キルト	Des-Sana+wpt9
30000125	STELLAR WIND	L.E.D.
30000126	うらもからだも落花微塵	Nanako
30000127	concon	S-C-U
30000128	愛と勇気の三度笠ポン太	荒牧陽子
40000001	Love Train	Marin&Riena
40000002	恋のダイヤル6700	Dream5
40000003	Calling	紗羅マリー
40000004	PASSPORT	MEG
40000005	キャッチーを科学する	アルカラ
40000006	がんばれよ	TEE
40000007	SUPER∞STREAM	
40000008	グローランプ	banbi
40000009	Rocknrolla!	[Champagne]
40000010	ヘビーローテーション	AKB48
40000011	きみはキョンシー RAM RIDER REMIX	シトラスラベンダー
40000012	come again	m-flo
40000013	Baroque Hoedown	
40000014	CARTOON HEROES	
40000015	Love at First Sight	Fear, and Loathing in Las Vegas
40000016	女々しくて	ゴールデンボンバー
40000017	コネクト	♪♪♪♪♪
40000018	Diver	
40000019	シャカビーチ～Laka Laka la～	
40000020	MirrorDance	androp
40000021	僕らの永遠 ～何度生まれ変わっても、手を繋ぎたいだけの愛だから～	WEAVER
40000022	Let's ダバダバ	
40000023	フレンズ	
40000024	15 Doors	moumoon
40000025	LOVE LOVE SHOW	THE YELLOW MONKEY
40000026	ダンデライオン	
40000027	PRIME TIME	capsule
40000028	マスターピース	mihimaru GT
40000029	アイデンティティ	サカナクション
40000030	Parachute	トクマルシューゴ
40000031	纒	ET-KING
40000032	タッチ	
40000033	ESCAPE	Moon Child
40000034	On and On	中塚武
40000035	GOOD LUCKY!!!!!	グッキー
40000036	SWEET CUBE	plazma
40000037	オムライス	オーロラ三人娘
40000038	Universe Universe	avengers in sci-fi
40000039	猫がニャ～て、犬がワンッ!	neco眠る with 二階堂和美
40000040	maximum the hormone	マキシマム ザ ホルモン
40000041	防衛本脳	Daisy×Daisy
40000042	Real Clothes<Album Mix>	Jazztronik
40000044	陽炎	星野奏子
40000045	WONDER WALKER	L.E.D.
40000046	Red Goose	Mutsuhiko Izumi
40000047	トルコ行進曲	T.M.Orchestra
40000048	Starlight Parade	肥塚良彦
40000049	yellow head joe	S-C-U
40000050	Devil Fish Dumpling	96
40000051	アルストロメリア	TAG
40000052	FRIENDSHIP	PON
40000053	瞬	小野秀幸
40000054	流砂の嵐	劇団レコード
40000055	[E]	dj MAX STEROID
40000056	polygon	Sota Fujimori
40000057	量子の海のリントヴルム	黒猫ダンジョン
40000058	THIS NIGHT (jubeat EDITION)	TЁЯRA
40000059	electro peaceful	Mr.T
40000060	HEAVENLY MOON	Tatsh
40000101	Gravity	HaKU
40000102	くちばしにチェリー	EGO-WRAPPIN'
40000103	Heart of Gold	Alice Nine
40000104	CRAZY FOR YOU	
40000105	this storyends	winnie
40000106	こどなの階段	南波志帆
40000107	オリオンをなぞる	UNISON SQUARE GARDEN
40000108	ダイナマイト	→ Pia-no-jaC ←
40000109	FIGHTERS	三代目 J Soul Brothers
40000110	PONPONPON	きゃりーぱみゅぱみゅ
40000111	やさしくなりたい	斉藤和義
40000112	以心伝心	Little Blue boX
40000113	HEKIREKI	LAST ALLIANCE
40000114	WAVES; Q;indivi+WISE	Q;indivi+
40000115	ダダパラ!!	girl next door
40000116	女子力←パラダイス	SUPER☆GiRLS
40000121	cloche	Qrispy Joybox
40000122	TWINKLE♡HEART	jun
40000123	幸せのかたち	あさき
40000124	HEAT-BIT-HIT-BEAT	V.C.O.
40000125	532nm	Ryu☆
40000126	candii	八王子P
40000127	JOMANDA	DJ YOSHITAKA
40000128	ナナホシ	S-C-U
40000129	The Wind of Gold	kors k
40000151	Rush!!	kors k feat. 吉河順央
40000152	DOUBLE IMPACT	DOUBLE IMPACT
40000153	歌の翼	あーたん
40000154	Summer Holiday	達見 恵 featured by 佐野宏晃
40000155	逆ナンされたのにドタキャン!!	good-cool ft. すわひでお
40000156	800nm	Another Infinity (Ryu☆×Starving Trancer)
40000157	RePrise	SHOGO
40000158	Plum	肥塚良彦
40000159	Riot of Color	TAG
40000160	ギタ・ドラ・jubeat大夏祭りのテーマ	DNM盛り上げ隊
50000001	Synchrogazer	
50000002	newsong	
50000003	Buddy	坂本真綾
50000004	MAMORE!!!	アイドリング!!!
50000005	ひかり	KREVA
50000006	a burning bullet	LAST ALLIANCE
50000007	風一揆	風男塾
50000008	新たな幕開け	新井大樹
50000009	Just Awake	Fear,and Loathing in Las Vegas
50000010	猛烈宇宙交響曲・第七楽章「無限の愛」	ももいろクローバーZ
50000011	つけまつける	きゃりーぱみゅぱみゅ
50000012	シンデレラ	奥華子
50000013	RIGHT NOW	GOOD4NOTHING
50000014	INFORMER	lecca
50000015	サブリナ	家入レオ
50000016	GO	オワリカラ
50000017	愛	OverTheDogs
50000018	Switch On!	土屋アンナ
50000019	NO WAVE≒斜陽”	0.8秒と衝撃。
50000020	千本桜	黒うさP
50000021	squall	猫叉Master+
50000022	Vermilion	Remo-con
50000023	アストライアの双皿	ZODIACSYNDICATE
50000024	フー・フローツ	Nanako
50000025	Mother Ship	Sota Fujimori
50000026	NIGHT FLIGHT	小野秀幸
50000027	我が麗しのバレンシア	劇団レコード feat. Mille Face
50000029	Mirage	Mutsuhiko Izumi
50000030	PRANA	TAG
50000031	quaver♪	Risk Junk
50000032	Fantasia	TËЯRA
50000033	Dragontail Butterfly	Tom-H@ck feat.Nadia
50000034	Amalgamation	Mystic Moon
50000035	DIAVOLO	度胸兄弟
50000036	Beastie Starter	GUHROOVY
50000037	亡国のヒストリア	劇団レコード
50000038	†渚の小悪魔ラヴリィ～レイディオ†	夏色ビキニのPrim
50000039	Happy	Sota Fujimori
50000040	恋閃繚乱	2B-Waves
50000041	Magnetic	Sota Fujimori
50000042	Baby Bleep March	seiya-murai
50000043	Vanity	Vivian
50000044	Asterism	ZUKI
50000045	attack in the minor key	Mr.T
50000046	BLUE STRAGGLER	L.E.D.
50000047	POINT ZERO	猫叉Master+
50000048	405nm (Ryu☆mix)	Another Infinity
50000049	Little Star	REDALiCE feat. Ayumi Nomiya
50000050	LUV CAN SAVE U	HIDEKI NAGANUMA
50000051	One Night Carnival	氣志團
50000052	いっぽんでもニンジン	なぎらけんいち
50000053	オレンジ	
50000054	Find your way	J.Speaks
50000055	FANTASTIC★DREAMER feat.SO-TA,Rhyzm Horse,Yoonji	MAYA feat.SO-TA,Rhyzm Horse,Yoonji
50000056	SEED	DJ YOSHITAKA
50000057	Twinkle Wonderland	Qrispy Joybox feat. Sana
50000058	キラキラ☆ステーション	Tatsh feat. Prico
50000059	milky ice bear	S-C-U
50000060	Daily Lunch Special	Lucky Vacuum
50000061	愛する覚悟	シシド・カフカ
50000062	LANA - キロクノカケラ -	TOMOSUKE×Jazzin'park
50000063	嘘憑きとサルヴァドール	小南泰葉
50000064	マジLOVE1000%	ST☆RISH
50000065	スリル	布袋寅泰
50000066	From Noon Till Dawn feat.Tabu Zombie & Kunikazu Tanaka	ストレイテナー
50000067	ETERNAL BLAZE	
50000068	Dance My Generation	ゴールデンボンバー
50000069	Get Off of My Way	MAN WITH A MISSION
50000070	恋とキングコング	日向美ビタースイーツ♪
50000071	朧	HHH×MM×ST
50000072	Mynarco	positive MAD-crew
50000073	spring pony	S-C-U
50000074	この子の七つのお祝いに	あさき
50000075	Across the nightmare	Jimmy Weckl
50000076	SILVER☆DREAM	jun
50000077	Holy Snow	Mutsuhiko Izumi
50000078	True Blue	dj TAKA feat. AiMEE
50000079	Cassis	肥塚良彦
50000080	蒼天	Tatsh
50000081	snow prism	Qrispy Joybox
50000082	紅焔	PON
50000083	Cosmic Hurricane	TAG
50000084	Pink Rose	Kiyommy+Seiya
50000085	記憶の欠片	Sana
50000086	HEART BEAT FORMULA	TAG
50000087	天上の果て	マジックアカデミー管弦楽部×劇団レコード
50000088	闘いの刻-jubeatREMIX-	マジックアカデミー管弦楽部×劇団レコード
50000089	Chronos	TAG
50000090	O JIYA	ASMAT & emi
50000091	Concertino in Blue	佐々木博史
50000092	雨ノチHello	TLION69
50000093	紅蓮の焔	劇団レコード feat. 浅葉リオ
50000094	LANA - Answer I -	TOMOSUKE×Jazzin'park
50000095	LANA - ヒトリノウタ -	TOMOSUKE×Jazzin'park
50000096	トリカゴノ鳳凰	L.E.D. Vs. 幽閉サテライト
50000097	Proof of the existence	猫叉Master+
50000098	Thor's Hammer	ユニバーサル度胸兄弟
50000099	Plan 8	Ryu☆
50000100	Sol Cosine Job 2	DJ TECHNORCH
50000101	Rainbow after snow	猫叉Master feat. 林ももこ
50000102	Confiserie	L.E.D. vs S-C-U
50000103	No pain, No game	nano
50000104	ハートに火をつけて	9mm Parabellum Bullet
50000105	Go to the top	倖田來未
50000106	V.I.P	
50000107	此岸の戯事	Akhuta
50000108	OVERHEAT -Type J-	DOUBLE IMPACT
50000109	ヒーロー	鈴木友里絵
50000110	君の元へ	久保田祥平
50000111	Move That Body	Expander
50000112	Arousing	DJ TOTTO feat. 吉河順央
50000113	Sakura Sunrise	Ryu☆
50000114	New Decade	Sota F.
50000115	Go For The Top	U1 overground
50000116	華爛漫 -Flowers-	TЁЯRA
50000117	heron	S-C-U
50000118	New Gravity	Starving Trancer
50000119	梅雪夜	Qrispy Joybox feat. mao
50000120	Clumsy thoughts	猫叉Master feat.*spiLa*
50000121	この青空の下で	TAG meets eimy
50000122	anemone	S-C-U feat.Qrispy Joybox
50000123	VALLIS-NERIA	DJ YOSHITAKA
50000124	Our Faith	kors k
50000125	愛は不死鳥の様に	真紅の薔薇の騎士Prim
50000126	Lisa-RICCIA	DJ YOSHITAKA
50000127	Broken	dj TAKA feat. AiMEE
50000128	ストレイ・マーチ	少年ゾディアック
50000129	ZZ	D.J.Amuro
50000130	キミ記念日～生まれて来てくれてアリガトウ。～	ソナーポケット
50000131	LANA - Answer II -	TOMOSUKE×Jazzin'park
50000132	Wow Wow VENUS	VENUS
50000133	DRAGON KILLER	96 vs. Mutsuhiko Izumi
50000134	Elemental Creation	dj TAKA meets DJ YOSHITAKA
50000135	ラキラキ	Mutsuhiko Izumi & S-C-U
50000136	晴天Bon Voyage	TOMOSUKE × seiya-murai feat. ALT
50000137	STULTI	MAX MAXIMIZER VS DJ TOTTO
50000138	虹色の花	Akhuta y OJ
50000139	お米の美味しい炊き方、そしてお米を食べることによるその効果。	大日本鉄倶楽部 【あさき&96】
50000140	創世ノート	PON+wac
50000141	Synergy For Angels	TAG×U1-ASAMi
50000142	Empathetic	Sota÷Des
50000143	GAIA	猫叉L.E.D.Master+
50000144	とってもとっても、ありがとう。	日向美ビタースイーツ♪
50000145	Lifetime Journey	J.Speaks
50000146	ふしぎなくすり	上野圭市 feat. SATOE
50000147	I/O	Ryu☆
50000148	つぼみ	達見 恵 featured by 佐野宏晃
50000149	RED ZONE	Tatsh&NAOKI
50000150	Flip Flap	kors k
50000151	イブの時代っ!	日向美ビタースイーツ♪
50000152	めうめうぺったんたん!!	日向美ビタースイーツ♪
50000153	にんじゃりばんばん	きゃりーぱみゅぱみゅ
50000154	切ないほど	ゴールデンボンバー
50000155	灼熱の翼	マジックアカデミー管弦楽部×劇団レコード
50000156	sola	小野秀幸
50000157	le mirage	Vivian
50000158	Never Look Back in Sorrow	AIKO OI
50000159	chaplet	DJ TOTTO
50000160	Little Flipper	S-C-U
50000161	HEART BEAT	加藤ミリヤ
50000162	スーパーフレア	The Mirraz
50000163	Ahead Of The Light	MIYAVI
50000164	「善悪の彼岸」	小南泰葉
50000165	LANA - ココロノキオク -	TOMOSUKE×Jazzin'park
50000166	LANA - セカイノハズレ -	TOMOSUKE×Jazzin'park
50000167	GOLD	UVERworld
50000168	sister's noise	fripSide
50000169	RPG	SEKAI NO OWARI
50000170	ギャグ	星野 源
50000171	サヨナラ・ヘヴン	猫叉Master
50000172	リメンバーリメンバー	rino & m@sumi from plastic penguin
50000173	恋はどう？モロ◎波動OK☆方程式!!	あべにゅうぷろじぇくと feat.佐倉沙織 produced by ave;new
50000174	Snowfield Express	TIME CAPSULE Lab.
50000175	Brand New World	VENUS
50000176	防人恋歌	Ax feat.夏川陽子
50000177	黒髪乱れて修羅となりて	村正クオリア
50000178	カラルの月	猫叉劇団
50000179	neu	少年ラジオ
50000180	少年は空を辿る	Power Of Nature
50000181	終末を追う者	S-C-U×PON
50000182	Windy Fairy	DJ TOTTO
50000183	PULSE LASER	ヒゲドライバー
50000184	TYCOON	SOUND HOLIC feat. Nana Takahashi
50000185	caramel ribbon	P*Light
50000186	Dynasty	Yooh
50000187	Hello world!	Music by 源屋, Vocal by SOPHY
50000188	虚空と光明のディスクール	日向美ビタースイーツ♪
50000189	Straight Oath	矢鴇つかさ feat. 三澤秋
50000190	モンスターのかくれんぼ	Rihwa
50000191	Silent Scream	Akira Yamaoka, Mary Elizabeth McGlynn
50000192	ViViD	May'n
50000193	マジLOVE2000%	ST☆RISH
50000194	Baby Sweet Berry Love	小倉 唯
50000195	Triple Journey -S-C-U EDITION-	Triumvirate
50000196	Fly with me	TAG
50000197	キケンな果実	達見 恵 featured by 佐野宏晃
50000198	Right on time (Ryu☆Remix)	Ryu☆
50000199	万華鏡	Jimmy Weckl
50000200	Dragon Blade	Kozo Nakamura
50000201	夏・KOI・ムッシュ!!	ビーチサンダルズ
50000202	TSAR BOMBA	L.E.D.
50000203	encounter	猫叉Master+
50000204	イ号零型	あさき
50000205	Life Connection	world sequence
50000206	We're so Happy	Ryu☆
50000207	Gimme a Big Beat	kors k
50000208	Stand Alone Beat Masta	GUHROOVY
50000209	回レ! 雪月花	歌組雪月花
50000210	Romancing Layer	TAG
50000211	インベーダーインベーダー	きゃりーぱみゅぱみゅ
50000212	凛として咲く花の如く～ひなビタ♪edition～	日向美ビタースイーツ♪
50000213	robin	S-C-U
50000214	カラフルミニッツ	Qrispy Joybox feat.mao
50000215	Water Horizon	青龍
50000216	優勢オーバードーズ	PON
50000217	Take Your Way	livetune adding Fukase(from SEKAI NO OWARI)
50000218	でんでんぱっしょん	でんぱ組.inc
50000219	1 2 3 ～恋がはじまる～	
50000220	影縫い胤撒き	Akhuta
50000221	最終回STORY	MY FIRST STORY
50000222	キセキ	
50000223	人生は素晴らしい物語。(Dear Japan Remix)	ハジ→
50000224	Follow Me	E-girls
50000225	リーゼントブルース	RIKI
50000226	METROPOLIS	→Pia-no-jaC←
50000227	DNA狂詩曲	ももいろクローバーZ
50000228	セツナトリップ	Last Note. feat. GUMI
50000229	ドリームメイカー	TRIPLANE
50000230	ジャパンパン～日本全国地元化計画～	C&K
50000231	eternal reality	fripSide
50000232	Endless Chain ～2人でトリガーをひこう～	私立BEMANI学園軽音楽部
50000233	天ノ弱	164 feat. GUMI
50000234	ちくわパフェだよ☆CKP	日向美ビタースイーツ♪
50000235	ほしふり	Sana
50000236	Sky Is The Limit	Sota F. feat.Anna
50000237	ツキミチヌ	CULTVOICE by S.S.D. PRODUCTS
50000238	ポップミュージック論	ギラギラメガネ団
50000239	ZED	USAO
50000240	CHEAT DANCER - short ver -	X.I.P.
50000241	Show up ! - short ver -	3 Majesty
50000242	athletic meet of sound toy	Mr.T
50000243	LANA - キロクノカケラ (sasakure.UK Framework Remix) -	TOMOSUKE×Jazzin'park
50000244	HYDRA	96
50000245	カタルシスの月	日向美ビタースイーツ♪
50000246	SAVIOR OF SONG(feat. MY FIRST STORY)	ナノ
50000247	ブルー・フィールド	Trident (渕上 舞・沼倉愛美・山村 響)
50000248	Ray	源屋
50000249	Gott	Hommarju
50000250	Unicorn tail Dustboxxxx RMX	Dustboxxxx
50000251	unisonote	onoken
50000252	Mono Logic	DJ NAGAI feat. Ayumi Nomiya
50000253	Nature (jubeat version)	Mutsuhiko Izumi
50000254	Stella Sinistra	Akhuta Philharmonic Orchestra
50000255	マインド・ゲーム	96 with メカショッチョー
50000256	PUNISHER	TAG×PON
50000257	HYENA	Hommarju
50000258	Squeeze	VENUS feat. Mutsuhiko Izumi
50000259	デッドボヲルdeホームラン	猫叉Masterβ2
50000260	野球の遊び方　そしてその歴史　～決定版～	あさき大監督
50000261	轟け！恋のビーンボール！！	ダイナミック野球兄弟 v.s. クロスファイヤーPrim
50000262	IX	dj TAKA VS DJ TOTTO feat.藍
50000263	恋愛観測	NU-KO
50000264	December Breeze	dj silverberg
50000265	8 -eight-	Tom-H@ck feat.Nadia
50000266	Condor	Remo-con
50000267	いーあるふぁんくらぶ	みきとP
50000268	ロストワンの号哭	Neru
50000269	smooooch・∀・	kors k
50000270	Second Heaven	Ryu☆
50000271	V	TAKA
50000272	恋する☆宇宙戦争っ!!	Prim
50000273	Dispersion Star	ZUKI
50000274	星屑のキロク	小野秀幸
50000275	Engraved Mark	Ryu☆ ∞ Des-ROW
50000276	Milchstraße	Buluka & Nilo
50000277	DANCE ALL NIGHT	Sota Fujimori
50000278	Thank You Merry Christmas	VENUS
50000280	time granular	ZUKI
50000281	Energy	SAYA
50000282	ホーンテッド★メイドランチ	日向美ビタースイーツ♪
50000283	Born to be	ナノ
50000284	閃光のPRISONER	南里侑香
50000285	カーニバル	ケツメイシ
50000286	BLUE DRAGON	青龍
50000287	Follow Tomorrow	HHH×MM×ST
50000288	SHION	DJ YOSHITAKA
50000289	101回目の呪い	ゴールデンボンバー
50000290	もったいないとらんど	きゃりーぱみゅぱみゅ
50000291	ラクガキスト	cosMo@暴走P feat.GUMI
50000292	ファントムヴァイブレーション	キュウソネコカミ
50000293	aura	Expander
50000294	走れメロンパン	日向美ビタースイーツ♪
50000295	滅びに至るエランプシス	日向美ビタースイーツ♪
50000296	My HERO	chairmans
50000297	Everybody Say EDOGAWA	EDOist
50000298	HAPPY☆きたかた	KIRA☆GIRL
50000299	ルシャナの気持ち	Le Siana
50000300	my cosmic world	silQ
50000301	Dong! Dong!	Star☆T
50000302	マーメイド	T!P
50000303	ドリームキャッチャー	アイくるガールズ
50000304	僕は君に恋をした	アイドル教室
50000305	Field on!	サザン☆クロス
50000306	LUCKY-YO!!	だいやぁ☆もんど
50000307	Boom! Boom! Miracle Emotion	ひろしま MAPLE★S
50000308	CAPTIVE	フルーティー♡
50000309	We are チャリンコエンジェルス	浦安マリンエンジェルス
50000310	乙女の真骨頂	乙女の純情
50000311	川崎純情音頭	川崎純情小町☆
50000312	Determination	柊木りお
50000313	瞬間 I LOVE YOU	H&A.
50000314	MITOれて！いばらきっしゅだ～りん	水戸ご当地アイドル(仮)
50000315	LoveLove DokiDoki	水戸ご当地アイドル(仮)
50000316	think about you	HaKU
50000317	dye it white	HaKU
50000318	A to Z	OSAKA翔GANGS
50000319	ザッツ！KAIYODO	はちきんガールズ
50000320	全城熱愛 -Feel the Love-	羅志祥 -Show Lo-
50000321	大藝術家 -The Great Artist-	蔡依林 -Jolin Tsai-
50000323	ドーパミン	U1 overground
50000324	Timberwolves	S-C-U
50000325	枝に結ぶ願い	Akhuta
50000326	アイネクライネ	→Pia-no-jaC←
50000327	バンブーソード・ガール	cosMo＠暴走P
50000328	幻想系世界修復少女	Last Note.
50000329	Idola	iconoclasm feat.GUMI
50000330	STERLING SILVER	TAG
50000332	Blue Goose	Mutsuhiko Izumi
50000333	十面相	YM feat.GUMI
50000334	ケッペキショウ	すこっぷ feat.GUMI
50000335	ルービックキューブ	otetsu feat.GUMI
50000336	非公開日誌	みきとP feat.GUMI
50000337	きょうもハレバレ	ふわりP feat. GUMI's
50000338	Metric	Hommarju
50000339	FUNKY SUMMER BEACH	P*Light
50000340	電司 -DANCE-	LOLLIPOP F
50000341	Don't stop the music	Dream Girls
50000342	嗶嗶嗶 -Bi Bi Bi-	謝金燕 -Jeannie Hsieh-
50000343	都会征服Girls☆	日向美ビタースイーツ♪
50000344	Cleopatrysm	ピラミッ℃
50000345	御千手メディテーション	昇天家族
50000346	KHAMEN BREAK	くふおー
50000347	passionate fate	Ryu☆
50000348	猫侍の逆襲	猫叉Master
50000349	ポチコの幸せな日常	NU-KO
50000350	Resurrection	Dormir
50000351	ハンガリー舞曲 第5番 (jubeat version)	H.D.5 Orchestra
50000352	ごめんなさいのKissing You	E-Girls
50000353	Che Che Chelip～魔法のコトバ～	Chelip
50000355	らいらら	KRD8
50000357	HeartLatte	TnyGinA
50000358	キライじゃないのぉ	まなみのりさ
50000359	ラブラブキュートなハピハピサンデー	Lisapyon♡
50000360	Daydream café	Petit Rabbit's
50000361	キラーボール	下衆の極み乙女。
50000362	とまどい→レシピ	みかくにんぐッ！
50000363	black bullet	fripSide
50000367	温故知新でいこっ！	日向美ビタースイーツ♪
50000368	10000000000	TAG feat. 96
50000369	きたさいたま2000	LindaAI-CUE (BNGI) 「太鼓の達人」より
50000370	Garakuta Doll Play	t+pazolite 「maimai」より
50000371	Got more raves?	E.G.G. 「グルーヴコースター」より
50000372	Scars of FAUNA	猫叉Master
50000373	Ignis Danse	Yuji Masubuchi「太鼓の達人」より
50000374	VERTeX	Hiro「maimai」より
50000375	FUJIN Rumble	COSIO(ZUNTATA)「グルーヴコースター」より
50000376	EXORCISM	SOUND HOLIC feat. Nana Takahashi
50000380	滅亡天使 † にこきゅっぴん	日向美ビタースイーツ♪
50000381	High School Love	DJ YOSHITAKA feat.DWP
50000382	planarian	S-C-U
50000383	7 Colors	kors k feat. 吉河順央
50000384	コドモライブ	onoken feat.asami
50000385	Spanish Snowy Dance	Mutsuhiko Izumi
50000386	Ha・lle・lu・jah	SOUND HOLIC feat. Nana Takahashi
50000387	まるでマトリョーシカ	seiya-murai feat. ALT
50000388	フレッフレー♪熱血チアガール	裏マドンナだ！Primちゃん
50000399	朱と碧のランページ	NU-KO
50000400	乙女繚乱 舞い咲き誇れ	日向美ビタースイーツ♪
60000001	Niflheimr	Qrispy Joybox
60000002	glacia	DJ TOTTO
60000003	Ausretious#1-まどろみ、或いは嘆色の夢-	EOOZ
60000004	アレスの楯	劇団レコード
60000005	Two Pianists	小野秀幸
60000006	Braid & Blade	SHAMDEL
60000007	prop the world	S-C-U
60000008	overcomplexification	かめりあ
60000009	Too Late Snow	movies (moimoi×Xceon×Dai.)
60000010	アガット	Bazole
60000011	炎のDiargos	Mutsuhiko Izumi
60000012	MATATABISTEP	パスピエ
60000013	Dragon Night	SEKAI NO OWARI
60000014	天国と地獄	UNISON SQUARE GARDEN
60000015	不可逆リプレイス	MY FIRST STORY
60000016	Amazing Parade	Czecho No Republic
60000017	Highschool ♡ love	E-girls
60000018	Wake up!	AAA
60000019	レット・イット・ゴー～ありのままで～	
60000020	This game	鈴木このみ
60000021	水月鏡花のコノテーション	日向美ビタースイーツ♪
60000022	サンキュー。	大原櫻子
60000023	シルエット	KANA-BOON
60000024	エクストラ・マジック・アワー	AKINO with bless4
60000025	過食性:アイドル症候群	スズム feat.GUMI＆MAYU
60000026	白い雪のプリンセスは	のぼる↑
60000027	キモチコネクト	東雲心菜 meets 日向美ビタースイーツ♪
60000028	ツーマンライブ	東雲夏陽 meets 日向美ビタースイーツ♪
60000029	I miss you baby / Wizard	加藤浩義
60000030	You and Me / Punk	加藤浩義
60000031	Stay with Me	加藤浩義
60000032	Reflection	加藤浩義
60000038	朝色の紙飛行機	かめりあ
60000039	女言葉の消失	Sota Fujimori
60000040	M.A.Y.U.	Ryu☆ feat.MAYU
60000041	NEON WORLD	SOUND HOLIC feat. Nana Takahashi
60000042	Scarlet Moon	REDALiCE feat. Ayumi Nomiya
60000043	Russian Caravan Rhapsody	Power Of Nature
60000044	ほおずき程度には赤い頭髪	Akhuta
60000045	取り残された美術(Arranged:HiZuMi)	幽閉サテライト feat. senya
60000046	Struggle	Masayoshi Minoshima(ALR)
60000047	ホメ猫☆センセーション	P*Light feat. mow*2
60000048	妖隠し -あやかしかくし-	DJ TOTTO feat.3L
60000049	BEAT-NEW-WORLD	ビートまりお（COOL&CREATE）
60000050	プレインエイジア -PHQ remix-	PHQUASE
60000051	竹取飛翔 ～ Lunatic Princess (Ryu☆Remix)	Ryu☆
60000052	千年ノ理	猫叉Master
60000053	チョコレートスマイル	日向美ビタースイーツ♪ & ここなつ
60000054	croiX	TeamGrimoire+あま猫
60000055	きらきらタイム☆	さわわ
60000056	SWEET HOME PARTY	劇団レコード
60000057	ミライプリズム	ここなつ
60000058	EBONY & IVORY	OSTER project
60000059	パ→ピ→プ→Yeah!	ヒゲドライバー join. shully & Nimo
60000060	ビビットストリーム	DJ TOTTO
60000061	リトライ☆ランデヴー	にゃ～たん (CV:村川梨衣)
60000062	blue moment	ソルラルBOB
60000063	KHAMEN BREAK -SDVX Infinity MashUp-	くふおー effected by Megacycle
60000064	In The Breeze	96 & Sota ft. Mayumi Morinaga
60000065	天空の華	S-C-U × U1 overground
60000066	TWINKLING	猫叉Master feat.ミミニャミ
60000067	惑星☆ロリポップ	SOUND HOLIC feat. Nana Takahashi
60000068	citrus	kamome sano
60000069	夏色DIARY 俺のjubeat編	猫叉王子 feat.時を駆けるショッチョー
60000070	Towards the TOWER	SHAMDEL
60000071	twinkle noise	ZUKI
60000072	Slluuddggee	Hommarju
60000073	Sacrifice for Justice	RoughSketch
60000074	Rock The Club	Expander
60000075	日天悦扇紊舞	Akhuta
60000076	霖が哭く	Power Of Nature
60000077	Diargosの森	Mutsuhiko Izumi
60000078	ススススペースハリネズミ	S-C-U
60000079	ナイト・オブ・ナイツ	ビートまりお(COOL&CREATE)
60000080	Bad Apple!! feat. nomico	Masayoshi Minoshima
60000081	チルノのパーフェクトさんすう教室	ARM(IOSYS)
60000082	neko*neko	日向美ビタースイーツ♪
60000083	MAGICAL SUMMER SMILE	wac feat. VENUS
60000084	マジLOVEレボリューションズ	ST☆RISH
60000085	シャイン	宮野真守
60000086	シュガーソングとビターステップ	UNISON SQUARE GARDEN
60000087	MURASAKI	蒼井翔太
60000088	STATIC	164 feat.GUMI
60000089	恋をしたい、もう一度	デッドボールP feat.GUMI
60000090	激アツ☆マジヤバ☆チアガール	日向美ビタースイーツ♪
60000091	フレ降レミライ	北高文芸部女子会
60000092	はなまるぴっぴはよいこだけ	A応P
60000093	こんがらガール	Charisma.com
60000094	漆黒のスペシャルプリンセスサンデー	日向美ビタースイーツ♪
60000095	メギツネ	BABYMETAL
60000096	バリ3共和国	でんぱ組.inc
60000097	MEGA SHAKE IT !	キュウソネコカミ
60000098	世界五分前仮説	有形ランペイジ
60000099	からっぽカプセル	内田真礼
60000100	かくしん的☆めたまるふぉ～ぜっ！	土間うまる（CV:田中あいみ）
60000101	freaky freak	kamome sano
60000102	Lovesick Lovetune	VALLEYSTONE feat. 紫崎 雪
60000103	超越してしまった彼女と其を生み落した理由	Ayatsugu_Otowa
60000104	最終鬼畜妹フランドール・S	ビートまりお(COOL&CREATE)
60000105	魔理沙は大変なものを盗んでいきました	ARM(IOSYS)
60000106	地方創生☆チクワクティクス	日向美ビタースイーツ♪
60000107	龍と少女とデコヒーレンス	黒猫ダンジョン
60000108	フラッター現象の顛末と単一指向性の感情論	日向美ビタースイーツ♪
60000109	僕ガ壊レル前ニ	ゲーム実況もっと！わくわく荘
60000110	Chloé	DJ Totoriott
60000113	Just Believe	小寺可南子
60000115	Crack Traxxxx	Lite Show Magic (t+pazolite vs C-Show)
60000116	雪女	かねこちはる
60000119	完全無欠の無重力ダイブ	日向美ビタースイーツ♪
60000120	ぽかぽかレトロード	日向美ビタースイーツ♪
60000121	エキサイティング！！も・ちゃ・ちゃ☆	日向美ビタースイーツ♪
60000122	とびっきりのふわっふわ	日向美ビタースイーツ♪
60000123	3 A.M. ディテクティブ・ゲーム	日向美ビタースイーツ♪
60000124	全力バタンキュー	A応P
60001001	Love♥km [ 2 ]	dj TAKA feat. REN
60001002	Robin [ 2 ]	S-C-U
60001003	FLOWER [ 2 ]	DJ YOSHITAKA
60001004	We're so Happy [ 2 ]	Ryu☆
60001005	†渚の小悪魔ラヴリィ～レイディオ† [ 2 ]	夏色ビキニのPrim
60001006	Too Late Snow [ 2 ]	movies (moimoi×Xceon×Dai.)
60001007	トリカゴノ鳳凰 [ 2 ]	L.E.D. Vs. 幽閉サテライト
60001008	走れメロンパン [ 2 ]	日向美ビタースイーツ♪
60001009	glacia [ 2 ]	DJ TOTTO
60001010	君をのせて feat.sayurina ～天空の城ラピュタ～ [ 2 ]	新井大樹
60001011	Daydream café [ 2 ]	Petit Rabbit's
60001012	Synchrogazer [ 2 ]	
60001013	女々しくて [ 2 ]	ゴールデンボンバー
60001014	キセキ [ 2 ]	PooooN
60001015	にんじゃりばんばん [ 2 ]	きゃりーぱみゅぱみゅ
60001017	天ノ弱 [ 2 ]	164 feat. GUMI
60001018	レット・イット・ゴー～ありのままで～ [ 2 ]	
60001019	Dragon Night [ 2 ]	SEKAI NO OWARI
60001023	イ号零型 [ 2 ]	あさき
70000001	Just a Game	Y&Co.
70000002	UROBOROS OVERDIVE	L.E.D. feat. YURiCa/花たん
70000003	変じゃない!!	good-cool ft. すわひでお
70000004	Ark	kors k
70000005	RHYZING BEAT	PHQUASE
70000006	天嘩乱舞	栗須承之介
70000007	Hunny Bunny	U1 overground
70000008	運命	No.5 Orchestra
70000009	CIRCUS U CRIC	Nanako
70000010	Mirage of the Mirror	SHAMDEL
70000011	Glitter Flatter Scatter	Project B-
70000012	きゅん×きゅんばっきゅん☆LOVE	松下feat.Sota & wac
70000013	混ぜるな危険	筋肉少女帯
70000015	夏にキスしていいですか？	アルスマグナ
70000016	Famous Day	[Alexandros]
70000017	Beautiful	Superfly
70000018	ディアブロ	水曜日のカンパネラ
70000019	あなたに恋をしてみました	chay
70000020	ANTI-HERO	SEKAI NO OWARI
70000022	勇敢な髑髏	新井大樹
70000024	新宝島	サカナクション
70000026	HERO	ソナーポケット
70000027	ふ・れ・ん・ど・し・た・い	学園生活部
70000028	GO! GO! MANIAC	放課後ティータイム
70000029	もってけ！セーラーふく	泉こなた、柊かがみ、柊つかさ、高良みゆき
70000030	ちょちょちょ！ゆるゆり☆かぷりっちょ！！！	七森中☆ごらく部
70000033	Two souls -toward the truth-	fripSide
70000034	Clattanoia	OxT
70000035	君の知らない物語	
70000036	衝動	HaKU
70000039	ハッピーシンセサイザ	EasyPop
70000042	paranoia	つなまる
70000043	炉心融解	iroha
70000045	僕は空気が嫁ない	cosMo@暴走P
70000046	放課後ストライド	Last Note.
70000047	月に叢雲華に風	幽閉サテライト feat. senya
70000048	響縁	豚乙女
70000049	蒼空に舞え、墨染の桜	Silver Forest feat. さゆり
70000050	Endless, Sleepless Night	samfree feat. (V)・∀・(V) かにぱん。
70000051	Scream out! (SDVX EDIT)	A-One
70000052	お嫁にしなさいっ！	ARM+夕野ヨシミ
70000053	Runway Drive	FELT
70000054	DesireDrive	岸田教団＆THE明星ロケッツ
70000055	Silent Story	発熱巫女～ず
70000056	SUSHI食べたい feat.ソイソース	ORANGE RANGE
70000057	ワタリドリ	[Alexandros]
70000058	Girl A	[Alexandros]
70000059	アンビリーバーズ	米津玄師
70000060	Synchronized Love J Rap Jam	ジョー・リノイエ
70000061	黒髪乱れし修羅となりて～凛 edition～	日向美ビタースイーツ♪
70000062	キミヱゴサーチ	ここなつ
70000063	ミライプリズム	ここなつ
70000064	ポメグラネイト	ここなつ
70000065	ロンロンへ ライライライ！	ここなつ
70000066	Good bye, Summer～さよならは言わない～	私立BEMANI学園軽音部 OB
70000067	星宿る空の下で	Akhuta
70000068	六花にくちづけ	Akhuta
70000069	ひだまりデイズ	妹S
70000070	勇者うまるの華麗なる生活	土間うまる(CV:田中あいみ)
70000071	T・S・F in にっぽん！	橘・シルフィンフォード(CV:古川由利奈)
70000072	My Precious	本場切絵(CV:白石晴香)
70000073	sweet sweet everytime sweet	海老名菜々(CV:影山灯)
70000074	Entrapment	Expander
70000075	不可説不可説転	OSTER project
70000076	FUJIMORI -祭- FESTIVAL	VENUS
70000077	NISHIMURA -祭- CARNIVAL	S-C-U x U1 feat. VENUS
70000078	零の位相	kradness
70000079	SAKURAスキップ	fourfolium
70000080	Now Loading!!!!	fourfolium
70000081	Shake!	fourfolium
70000082	ほっしーの！	fourfolium
70000083	Boss Rush	USAO
70000084	倉野川音頭	日向美ビタースイーツ♪＆ひなちくん
70000085	負けないよ･･･-Runners High-	猫大樹
70000086	男と女の言い合いのうた	猫大樹
70000087	夏休み is freedom!!	猫大樹
70000088	制作現場での出来事	猫大樹
70000089	反撃	猫大樹
70000090	眼光	猫大樹
70000091	厳冬記	猫大樹
70000092	JACK THE RIPPER feat. Iceon	猫大樹
70000093	Grand Chariot	xi
70000094	StrayedCatz	削除
70000095	Sephirot	SHIKI
70000096	Angelic Jelly	t+pazolite
70000097	ZEPHYRANTHES	TAG
70000098	Triple Counter	DJ YOSHITAKA meets dj TAKA
70000099	じもとっこスイーツ♪	ホララ・ホリック with 日向美ビタースイーツ♪
70000100	KHAMEN BREAK -SDVX Infinity MashUp-	くふおー effected by Megacycle
70000101	時の妖花	ゲーム実況者わくわくバンド
70000102	aleatrik	nc ft. NRGFactory
70000103	Cosminflation	山本真央樹
70000104	Invisible Border	world sequence
70000105	The Omen	RoughSketch
70000106	ULTRA HAPPY MEGAMIX	DJ Genki
70000107	檄	Ryu☆ feat.青龍
70000108	Against the vulgar aggressor	GUHROOVY
70000109	Giant Otter Family	S-C-U
70000110	Megalara Garuda	SYUNN
70000111	Saturday Night Love	Sota feat. Brenda V.
70000112	New York EVOLVED	NC underground
70000113	Destiny lovers	くにたけみゆき
70000114	Vampire Killer	浅田 靖
70000115	夢有	Des-ROW・組
70000116	Bleep Beep Bop	kors k
70000117	Knell	Project B-
70000118	Hollywood Galaxy	dj TAKA
70000119	Daisuke	Y&Co.
70000120	KAMAITACHI	DJ TECHNORCH fw. GUHROOVY
70000121	BLACK or WHITE?	BlackYooh vs. siromaru
70000122	琥珀のくちづけ	日向美ビタースイーツ♪&日向美ブルームーン
70000123	そこはかとなくロマンセ	日向美ビタースイーツ♪
70000124	ペンパイナッポーアッポーペン	ピコ太郎
70000125	エイリアンエイリアン	ナユタン星人
70000126	Dreamland。feat. RED RICE（from 湘南乃風）, CICO（from BENNIE K）	ハジ→
70000127	マホロバケーション	ももいろクローバーZ
70000128	今夜はパジャマパーティ	日向美ビタースイーツ♪
70000129	インフェルノ	9mm Parabellum Bullet
70000130	Ψです I LIKE YOU	でんぱ組.inc
70000131	ハイパーリアリスト	パスピエ
70000132	NANIMONO（feat.米津玄師）	中田ヤスタカ
70000133	ロプノールの商隊	Akhuta
70000134	蟲の棲む処	かめりあ feat. Nana Takahashi
70000135	Phlox	Sota Fujimori 2nd Season
70000136	Lost wing at.0	猫叉Master+
70000137	AC版ディズニー ツムツムメドレー	©Disney
70000138	SPACE VILLAGE	サイバー劇レコ
70000139	キミとワタシのオンガク	seiya-murai feat. ALT
70000140	スカイダイバー	ヒゲドライバー feat.ヒゲドライVAN
70000141	トキメキストリーム	Qrispy Joybox
70000142	爆なな☆てすとロイヤー	ARM feat.ななひら
70000143	バビロニア	劇団レコード
70000144	バビロニアの旅人たち	Babylonian Vates
70000145	旅の終わりと祝祭の夜	月船古書堂
70000146	それは花火のような恋	夏色バーニングラブ☆Prim
70000147	分けるな危険！モモモモモモーイズム	ARM×狐夢想 feat. 桃井はるこ
70000148	翡翠の狼	米津玄師
70000149	LOSER	米津玄師
70000150	CARNIVOROUS	SOUND HOLIC feat. Nana Takahashi
70000151	月風魔伝 ～ ビーストメドレー ～	Akhuta
70000152	がんばれゴエモン ～ ビーストメドレー ～	96
70000153	GRADIUS II ～ ビーストメドレー ～	Sota Fujimori
70000154	Bonjour, The World!!	中島由貴 feat. dj TAKA with S-C-U meets Akhuta
70000155	お茶づけ☆パラダイス	A応P
70000156	ちょちょいとちょいだよ夢浪漫	A応P
70000157	椀・of・Relaxation	A応P
70000158	マトリョシカ	ハチ
70000159	パンダヒーロー	ハチ
70000160	ドーナツホール	ハチ
70000161	怪盗BisCoの予告状！！	Qrispy Joybox
70000162	びいすと！	ビートまりおとARM
70000163	にゃんのパレードマーチ♪	DJ TOTTO feat.にゃん
70000164	nostos	Setaria Virtuoso
70000165	Four Leaves	Endorfin.
70000166	crêpe suzette	kamome sano
70000167	veRtrageS	Riz vs. Shiron
70000168	Twinbee's Home Town Song	Sota Fujimori
70000169	CHERNOBOG	漆黒のEBONY
70000170	ケンぱ！ケンぱ！拳拳ぱん打！	ぱんぱんぱん打
70000171	アキネイション	ビートまりお(COOL&CREATE)
70000172	秘密がーる♡乙女	MaMiKa(松下×mitsu×T.kakuta)
70000173	Sky High	Cuvelia
70000174	ぱんだしんけん１、２、３ ～ちえ！おっしょさんにはかなわないや！～	おひさまくらぶ
70000177	Qubellic Prism	Nazzo-Non-Heat
70000178	FLOOR INFECTION Medley from SOUND VOLTEX×jubeat	United Composers from SOUND VOLTEX
70000179	POLICY BREAK Medley from SOUND VOLTEX×jubeat	United Composers from jubeat
70000180	Valanga	DJ TOTTO
70000181	見習い天使と星降りの丘	DJ TOTTO
70000182	Ding Dong Bell	A応P
70000183	拙者はSAMURAI FOOD	S-C-U a.k.a. Food Samurai × A応P
70001001	枝に結ぶ願い [ 2 ]	Akhuta
70001002	イ号零型 [ 2 ]	あさき
70001004	Struggle [ 2 ]	Masayoshi Minoshima(ALR)
70001005	炉心融解 [ 2 ]	iroha
70001007	Windy Fairy [ 2 ]	DJ TOTTO
71000002	Bonjour, The World!!	中島由貴 feat. dj TAKA with S-C-U meets Akhuta
71000001	ペンパイナッポーアッポーペン	ピコ太郎
80000003	トキメキメカニクス	ARM × 狐夢想 feat. nomico
80000007	Blue Sky	Sota F.
80000008	レゾンデートル、前線より	中島由貴
80000009	Wandering Gravity	Nazzo-Non-Heat
80000010	Passion	KAN TAKAHIKO
80000013	星を飛び越えて	Liz Triangle
80000014	paranoia	DiGiTAL WiNG feat. 花たん
80000015	超人ひじりのエアマッソー	IOSYS feat. ビートまりお
80000016	ガヴリールドロップキック	ガヴリール、ヴィーネ、サターニャ、ラフィエル
80000017	Morning Glory	(K)NoW_NAME
80000018	STEP by STEP UP↑↑↑↑	fourfolium
80000019	JUMPin' JUMP UP!!!!	fourfolium
80000020	ススメRunner!!	fourfolium
80000021	パピポペピプペパ	P*Light
80000022	Wowie Zowie!	Hommarju
80000023	Midnight City Warfare	sky_delta
80000024	アドレナリン	U1 overground
80000025	Jazz is Rad	ARM (IOSYS) + Brasscapsule
80000026	Welcome!!	kors k
80000027	みたらしプラトニック (feat. nicamoq)	Yunomi
80000028	Sulk	SYUNN
80000029	現世の彼方	猫大樹
80000030	Claidheamh Soluis-光の剣- feat.はるの	猫大樹
80000031	シャルル	バルーン
80000032	ようこそジャパリパークへ	どうぶつビスケッツ×PPP
80000033	Shadow and Truth	ONE III NOTES
80000034	Glorious days	GRANRODEO
80000035	脱法ロック	Neru
80000036	ユメイロコンパス	fourfolium
80000037	千本桜	黒うさP
80000038	CandyPop★Showcase	OSTER project
80000039	Don't Break Me Down	A-One
80000040	PF flowing	dj TAKA
80000041	ミラクル・スイート・スイーツ・マジック！！	日向美ビタースイーツ♪
80000042	ナイト・オブ・ロンド	日向美ビタースイーツ♪
80000043	Drizzly Venom	日向美ビタースイーツ♪
80000044	けもののおうじゃ★めうめう	日向美ビタースイーツ♪
80000045	銃弾は解を撃ち抜いて	日向美ビタースイーツ♪
80000046	キリステゴメン	東雲夏陽
80000047	シノビシノノメ	東雲心菜
80000048	水槽のクジラ	テヅカ feat. 大西あみみ
80000049	Fox4-Raise-	Getty vs. DJ DiA
80000050	Prayer	ぺのれり
80000051	DREAMING-ING!!	ときめきアイドル project
80000052	向日葵サンセット	ARM・まろん (IOSYS) × ランコ・パプリカ(豚乙女)
80000053	EXUSIA	L.E.D.-G
80000054	Another Phase	TAG
80000055	In The Ruins	Good-cool feat.CHiCO
80000056	羽根亡キ少女唄	純情ディスコード
80000057	虹の先に何があるか	あさき
80000058	From⑨Girl	uno (IOSYS) × 越田Rute隆人&あき (A-One)
80000059	君氏危うくも近うよれ	A応P
80000060	にめんせい☆ウラオモテライフ!	土間うまる (CV.田中あいみ)
80000061	うまるん体操	妹S
80000062	変わりゆく時間とノスタルジアと	あずときだしゅんすけ
80000063	Fly far bounce	猫叉Master
80000064	Pee-wee Boogie	ARM
80000065	Evans ～NOSTALGIA Ver. ～	DJ YOSHITAKA Arranged by まらしぃ
80000066	エレシュキガル	Noah
80000067	birth	Yu_Asahina
80000068	If	Pa's Lam System
80000069	たからもの	セリカ&エリカ
80000070	STAR SHIP☆HERO	Lucky Vacuum
80000071	ヤマトなでなで♡かぐや姫	ロマンチック♡Prim姫
80000072	Shout!!	Qrispy Joybox feat.mao
80000073	Aerial Skydive	Dirty Androids
80000074	恋のパズルマジック	ときめきアイドル project Rhythmixxx
80000075	Strawberry Chu♡Chu♡	ときめきアイドル project クッキーパラダイス
80000076	Be a Hero!	中島由貴
80000077	ハルイチバン	ときめきアイドル project
80000078	闘え！ダダンダーンV	ときめきアイドル project
80000079	しゃかりきリレーション	ときめきアイドル project 結城秋葉
80000080	ルミナスデイズ	ここなつ
80000081	AI	BEMANI Sound Team “Sota F.”
80000082	Necroxis Girl	"BEMANI Sound Team ""HuΣeR"" "
80000083	狂髪天を撫でて綴れ雲の綻び　五体北風に散りて痕も無し	"BEMANI Sound Team ""Akhuta Works"" "
80000084	No One Can Reach The Truth	BEMANI Sound Team “TAG”
80000085	Never See You Again	BEMANI Sound Team “U1 overground”
80000086	Diastrophism	かめりあ
80000087	Roll the Dice	lapix
80000088	Last Dress	はるなば
80000089	ヘンゼルとグレーテル	RoughSketch ft.Aikapin & Chiyoko
80000090	Couleur=Blanche	#FFFFFF
80000091	ハッピーウェディング前ソング	ヤバイTシャツ屋さん
80000092	Initial song	40mP
80000093	リバースユニバース	ナユタン星人
80000094	快晴	Orangestar
80000095	フレーフレーわたし	足立佳奈
80000096	Spring Rouge	izna
80000097	ロールプレイングゲーム	そらまふうらさか
80000098	まぼろしウインク	A応P
80000099	問答無用でＧｏ！！	A応P
80000101	Everybody's Rich	REMO-CON
80000102	One More Reason	GUHROOVY
80000106	Rampage☆Rag	かめりあ
80000110	Fairy Fair	ぺのれり
80000112	Northern Wind	Nhato
80000113	Alive in my Soul	aran
80000117	Pale Garden	Dirty Androids
80000118	Singularity	xi
80000119	飽和世界	猫叉Master
80000120	セカイがカフェになっちゃった!	Petit Rabbit's with beans
80000121	脳みそ夫体操メインテーマ	脳みそ夫
80000122	フィクサー	ぬゆり
80000123	恋時雨	ときめきアイドル project
80000124	花のやくそく	日向美ビタースイーツ♪
80000125	ピースサイン	米津玄師
80000126	砂の惑星 feat.初音ミク	ハチ
80000128	ミカヅキ:コネクト	かゆき
80000129	Chocolate Planet	Freezer feat. 妃苺
80000130	Spirit of the Beast	ikaruga_nex fw.tcheb
80000131	Xibercannon	隣の庭は青い(庭師+Aoi)
80000132	星座が恋した瞬間を。	"BEMANI Sound Team ""DJ TOTTO feat.MarL"" "
80000133	Puberty Dysthymia	"BEMANI Sound Team ""person09"" "
80000134	Life is beautiful	"BEMANI Sound Team ""猫叉Master"" "
80000135	SUPER SUMMER SALE	"BEMANI Sound Team ""U1 overground"" "
80000136	風鈴花火	"BEMANI Sound Team ""劇団レコード""feat.結良まり "
80000137	Prey	"BEMANI Sound Team ""Dustup"" "
80000138	Rejoin	"BEMANI Sound Team ""HuΣeR feat.PON"" "
80000300	やんややんやNight ～踊ろよ日本～	ゴールデンボンバー
80000301	やんややんやNight ～踊ろよ北海道～	ゴールデンボンバー
80000302	やんややんやNight ～踊ろよ青森～	ゴールデンボンバー
80000303	やんややんやNight ～踊ろよ岩手～	ゴールデンボンバー
80000304	やんややんやNight ～踊ろよ宮城～	ゴールデンボンバー
80000305	やんややんやNight ～踊ろよ秋田～	ゴールデンボンバー
80000306	やんややんやNight ～踊ろよ山形～	ゴールデンボンバー
80000307	やんややんやNight ～踊ろよ福島～	ゴールデンボンバー
80000308	やんややんやNight ～踊ろよ茨城～	ゴールデンボンバー
80000309	やんややんやNight ～踊ろよ栃木～	ゴールデンボンバー
80000310	やんややんやNight ～踊ろよ群馬～	ゴールデンボンバー
80000311	やんややんやNight ～踊ろよ埼玉～	ゴールデンボンバー
80000312	やんややんやNight ～踊ろよ千葉～	ゴールデンボンバー
80000313	やんややんやNight ～踊ろよ東京～	ゴールデンボンバー
80000314	やんややんやNight ～踊ろよ神奈川～	ゴールデンボンバー
80000315	やんややんやNight ～踊ろよ新潟～	ゴールデンボンバー
80000316	やんややんやNight ～踊ろよ富山～	ゴールデンボンバー
80000317	やんややんやNight ～踊ろよ石川～	ゴールデンボンバー
80000318	やんややんやNight ～踊ろよ福井～	ゴールデンボンバー
80000319	やんややんやNight ～踊ろよ山梨～	ゴールデンボンバー
80000320	やんややんやNight ～踊ろよ長野～	ゴールデンボンバー
80000321	やんややんやNight ～踊ろよ岐阜～	ゴールデンボンバー
80000322	やんややんやNight ～踊ろよ静岡～	ゴールデンボンバー
80000323	やんややんやNight ～踊ろよ愛知～	ゴールデンボンバー
80000324	やんややんやNight ～踊ろよ三重～	ゴールデンボンバー
80000325	やんややんやNight ～踊ろよ滋賀～	ゴールデンボンバー
80000326	やんややんやNight ～踊ろよ京都～	ゴールデンボンバー
80000327	やんややんやNight ～踊ろよ大阪～	ゴールデンボンバー
80000328	やんややんやNight ～踊ろよ兵庫～	ゴールデンボンバー
80000329	やんややんやNight ～踊ろよ奈良～	ゴールデンボンバー
80000330	やんややんやNight ～踊ろよ和歌山～	ゴールデンボンバー
80000331	やんややんやNight ～踊ろよ鳥取～	ゴールデンボンバー
80000332	やんややんやNight ～踊ろよ島根～	ゴールデンボンバー
80000333	やんややんやNight ～踊ろよ岡山～	ゴールデンボンバー
80000334	やんややんやNight ～踊ろよ広島～	ゴールデンボンバー
80000335	やんややんやNight ～踊ろよ山口～	ゴールデンボンバー
80000336	やんややんやNight ～踊ろよ徳島～	ゴールデンボンバー
80000337	やんややんやNight ～踊ろよ香川～	ゴールデンボンバー
80000338	やんややんやNight ～踊ろよ愛媛～	ゴールデンボンバー
80000339	やんややんやNight ～踊ろよ高知～	ゴールデンボンバー
80000340	やんややんやNight ～踊ろよ福岡～	ゴールデンボンバー
80000341	やんややんやNight ～踊ろよ佐賀～	ゴールデンボンバー
80000342	やんややんやNight ～踊ろよ長崎～	ゴールデンボンバー
80000343	やんややんやNight ～踊ろよ熊本～	ゴールデンボンバー
80000344	やんややんやNight ～踊ろよ大分～	ゴールデンボンバー
80000345	やんややんやNight ～踊ろよ宮崎～	ゴールデンボンバー
80000346	やんややんやNight ～踊ろよ鹿児島～	ゴールデンボンバー
80000347	やんややんやNight ～踊ろよ沖縄～	ゴールデンボンバー
80001001	炉心融解 [ 2 ]	iroha
80001002	イ号零型 [ 2 ]	あさき
80001003	SEED [ 2 ]	DJ YOSHITAKA
80001004	smooooch・∀・ [ 2 ]	kors k
80001005	Pink Rose [ 2 ]	Kiyommy+Seiya
80001006	Ausretious#1-まどろみ、或いは嘆色の夢- [ 2 ]	EOOZ
80001007	HEAVENLY MOON [ 2 ]	Tatsh
80001008	カラルの月 [ 2 ]	猫叉劇団
80001009	君の知らない物語 [ 2 ]	
80001010	白い雪のプリンセスは [ 2 ]	のぼる↑
80001011	月に叢雲花に風 [ 2 ]	幽閉サテライト?feat.?senya
80001013	Scars of FAUNA [ 2 ]	猫叉Master
80001014	chaplet [ 2 ]	DJ TOTTO
80001015	アガット [ 2 ]	Bazole
90000001	Samba Ramba	Y&Co. feat. Kanae Asaba
90000002	インドがパッカーン！！煩悩マハラジャドリーム	ARM × かたほとり ft. 柊木りお
90000003	ロミとロボの宇宙旅行	onoken
90000004	Sahara	Hommarju
90000005	Phantasmagoria	Maozon
90000006	EMOTiON TRiPPER	sky_delta
90000007	恋 No リセットゲーム!!!!!	"DJ Genki feat. ななひら,yukacco,藍月なくる"
90000008	拙者拙者拙者拙者	ヒゲドライバー & ゆよゆっぺ
90000009	In Your EyEs	kors k
90000010	ROCK ju	C-Show
90000011	雨上がりの空に	猫大樹
90000012	幸せが鳴る夜に	PAN
90000013	Welcome to the Mosh Pit	lapix
90000014	Dream drip macchiato	"BEMANI Sound Team ""TAG"" "
90000015	Radius	"BEMANI Sound Team ""Sota F."" "
90000016	Pegasus	"BEMANI Sound Team ""Expander"" "
90000017	Glitter Cube	"BEMANI Sound Team ""dj TAKA"" "
90000018	少女、摩天楼へ	"BEMANI Sound Team ""U1 overground"" "
90000019	星の小舟	"BEMANI Sound Team ""猫叉劇団"" "
90000020	Analyse Katharsis	red glasses
90000021	月影小町	駄々子
90000022	タンポポ	豚乙女
90000023	リリーゼと炎龍レーヴァテイン	黒猫ダンジョン
90000024	泡沫、哀のまほろば	幽閉サテライト
90000025	打上花火	DAOKO × 米津玄師
90000026	タンクトップは似合わない	ONIGAWARA
90000027	MONSTER DANCE	KEYTALK
90000028	Paradise Has No Border	東京スカパラダイスオーケストラ
90000029	デンノウス・キルズ	cosMo＠暴走P feat.初音ミク
90000030	ギラメタスでんぱスターズ	でんぱ組.inc
90000031	POP TEAM EPIC	上坂すみれ
90000032	ドラマツルギー	Eve
90000033	ICHIDAIJI	ポルカドットスティングレイ
90000034	高嶺の花子さん	back number
90000035	Be The One	PANDORA feat. Beverly
90000036	ケムマキunderground	t+pazolite feat. リズナ
90000037	ダンシング	佐伯ユウスケ
90000038	オトモダチフィルム	オーイシマサヨシ
90000039	片目で異常に恋してる	ジェニーハイ
90000040	雑草	HIKAKIN & SEIKIN
90000041	Boom! Boom! ヘブン	BRADIO
90000042	ふめつのこころ	tofubeats
90000043	My HERO	04 Limited Sazabys
90000044	陽炎 -movie version-	サカナクション
90000045	POSSESSION	TAG underground
90000046	Light Shine	Ryu☆
90000047	pedigree	"BEMANI Sound Team ""S-C-U"" "
90000048	39	sasakure.UK＆DECO*27
90000049	ゴーストルール	DECO*27
90000050	妄想感傷代償連盟	DECO*27
90000051	すきなことだけでいいです	ピノキオピー
90000052	Catch Our Fire!	中島由貴
90000053	Apex of the World	uma&hurirai feat.ましろ
90000054	僕らの時間	テヅカ feat. 大西あみみ
90000055	Beyond the BLUE	Asato × sak × 田島千種
90000056	The Kingsroad	RINZO
90000057	1116	"BEMANI Sound Team ""Dustup"" "
90000058	スノーホワイト	RoughSketch
90000059	Hopeful Frontier!!!	cosMo＠暴走P
90000060	Virtual Bit	KAN TAKAHIKO
90000061	WELCOME TO MOTOWN PARK	OSTER project
90000062	Sorrows	Asako Yoshihiro
90000063	廻る季節のゆく先に	中島由貴
90000064	Duality	"BEMANI Sound Team ""Yvya"" "
90000065	Endless Beats ⇔ Endless Parties	かめりあ
90000066	Wuv U	kors k
90000067	MODEL FT2 Miracle Version	Mutsuhiko Izumi
90000068	スイーツはとまらない♪	日向美ビタースイーツ♪
90000069	熱情のサパデアード	日向美ビタースイーツ♪
90000070	革命パッショネイト	日向美ビタースイーツ♪
90000071	ヒカリユリイカ	ここなつ
90000072	ベビーステップ	ここなつ
90000073	[A]ddiction	EVO+
90000074	NEVER SURRENDER	水樹奈々
90000075	WARNING×WARNING×WARNING	暁Records
90000076	アカリがやってきたぞっ	GYARI(ココアシガレットP)
90000077	ただ君に晴れ	ヨルシカ
90000078	全力ハッピーライフ	森羅万象
90000079	流星ダンスフロア	ORESAMA
90000080	関門突破撃	新井大樹
90000081	Over “Quartzer”	Shuta Sueyoshi feat. ISSA
90000082	UNION	OxT
90000083	アンビバレント	Eve
90000085	ヒューマノイド	ずっと真夜中でいいのに。
90000086	されど奇術師は賽を振る	嘘とカメレオン
90000087	花ハ踊レヤいろはにほ（ハピネス mix）	"BEMANI Sound Team ""D.J.KOBINATA feat.Kuroa*"" "
90000088	ハム太郎とっとこうた(すーぱーとっとこみっくす)	"Remixed by BEMANI Sound Team ""DJ TOTTO feat.ななひら"" "
90000089	JINGO JUNGLE (Big Room Mix)	"Remixed by BEMANI Sound Team ""Sota Fujimori feat.Nana Takahashi"" "
90000090	50th Memorial Songs -The BEMANI History-	BEMANI Sound Team
90000091	50th Memorial Songs -Beginning Story-	BEMANI Sound Team
90000092	50th Memorial Songs -Flagship medley-	BEMANI Sound Team
90000093	50th Memorial Songs -二人の時 ～under the cherry blossoms～-	BEMANI Sound Team
90000094	ネリと琥珀糖	sasakure.UK
90000095	BEEF	"BEMANI Sound Team ""牛"" "
90000096	LAST OATH	"BEMANI Sound Team ""劇団レコード"" "
90000097	ATRAX	"BEMANI Sound Team ""HuΣeR"" "
90000098	Arena Deiporta	"BEMANI Sound Team ""Akhuta Works"" "
90000099	Midsummer Madness	Hommarju
90000100	RAISE YOUR HEADS UP	GUHROOVY
90000101	Our Love	lapix
90000102	ビター・エスケープ	やぎぬまかな
90000103	シンクロフィッシュ	Blanc Bunny Bandit
90000104	箱庭のエチュード	Blanc Bunny Bandit
90000105	たたえよ！絶対覇権アリーシャ帝国	Blanc Bunny Bandit
90000106	おにぎりディスコ	Blanc Bunny Bandit
90000107	めた・メタ？ひまわり＊パンチ	ひまわり＊パンチ
90000108	ミッドナイト☆WAR	いちか
90000109	Trill auf G	"BEMANI Sound Team ""dj TAKA"" "
90000110	おーまい！らぶりー！すうぃーてぃ！だーりん！	"BEMANI Sound Team ""PON feat.NU-KO"" "
90000111	最小三倍完全数	DJ TECHNORCH
90000112	Six String Proof	"BEMANI Sound Team ""Yvya × Mutsuhiko Izumi"" "
90000113	toy boxer	"BEMANI Sound Team ""S-C-U & SYUNN"" "
90000114	voltississimo	"BEMANI Sound Team ""PHQUASE"" "
90000115	Afterimage d'automne	"BEMANI Sound Team ""猫叉劇団"" "
90000116	BLACK JACKAL	Akira Complex
90000117	封隠文様	駄々子
90000118	VIKING SHIP	"BEMANI Sound Team ""劇団レコード"" "
90000119	StaRgAZER	"BEMANI Sound Team ""TAG"" "
90000120	splash!	"BEMANI Sound Team ""Trance Liquid"" "
90000121	Life Without You	"BEMANI Sound Team ""Sota Fujimori"" "
90000122	スミスえかきうた	jubeat staff
90000123	ゆめのかなたで	かめりあ
90000124	Hades Doll	"BEMANI Sound Team ""Power Of Nature"" "
90000125	ランカーキラーガール	中島由貴 × いちか
90000126	zeeros	onoken
90000127	Agnus Dei	あさき
90000128	Catapulted Arch	"BEMANI Sound Team ""person09"" "
90000129	Surf on the Light	Tomoyuki Uchida
90000130	キヤロラ衛星の軌跡	工藤吉三 (ベイシスケイプ)
90000131	COSMIC SYMPHONY	OSTER project
90000132	Neuron	"BEMANI Sound Team ""Expander"" "
90000133	SPACE INASAKU	"BEMANI Sound Team ""サイバー劇レコ"" "
90000134	Ghost Clock	"BEMANI Sound Team ""Yvya"" "
90000135	Spica	"BEMANI Sound Team ""TATSUYA"" "
90000136	Winter Gift ～クリスピーからの贈りもの～	Qrispy Joybox
90000137	Super GERO GE-RO	S-C-U
90000139	Pretender	Official髭男dism
90000140	マリーゴールド	あいみょん
90000141	令和	ゴールデンボンバー
90000142	Pacify	"BEMANI Sound Team ""SYUNN"" "
90000143	Get On The Floor	RouchSketch
90000144	Right Time Right Way	KAN TAKAHIKO
90000145	ビューティフル レシート	Lucky Vacuum
90000146	TRIUMPH	AJURIKA
90000147	ラブキラ☆スプラッシュ	"BEMANI Sound Team ""Sota F."" feat.いちか "
90000148	追憶のアラウカリア	Cororo
90000149	Sparkle Smilin'	"BEMANI Sound Team ""Qrispy Joybox"" feat.いちか "
90000150	Noob実況24時!	ARM × かたほとり ft. ちょこ
90000151	ラプンツェル	RoughSketch
90000152	ピザが食べたくてしょうがない皆さんの気持ちを代弁しました	コバヤシユウヤ(IOSYS) feat. miko
90000153	Brawl	東京アクティブNEETs
90000154	激闘保安官! DEMPA撲滅大作戦	ARM × かたほとり ft. ななひら
90000155	太陽の滴	CANVAS feat. Quimär
90000156	Underground Astronomy	D.watt (IOSYS)
90000157	No Rule Adventure	nora2r
90000158	Toy Robot Factory	MARON (IOSYS)
90000159	アモ	八月二雪
90000160	Crazy Shuffle	Yooh
90000161	All clear!!	sky_delta
90000162	恋歌疾風！かるたクイーンいろは	ねこまんまチーム！
90000163	狂水一華	BEMANI Sound Team "HuΣeR Vs. SYUNN" feat.いちか
90000164	Floating Eternity	"BEMANI Sound Team ""Philosophy"" "
90000165	Jetcoaster Windy	BEMANI Sound Team "dj TAKA" feat.のの
90000166	灼熱Beach Side Bunny	DJ Mass MAD Izm*
90000167	Din Don Dan	Ryu☆ feat.Mayumi Morinaga
90000168	X-Plan	Tom-H@ck feat.Nadia
90000170	Do Well	SIRUP
90000171	Alba	須田景凪
90000172	紅蓮華	
90000173	X-ray binary	"BEMANI Sound Team ""Trance Liquid"" "
90000174	世界の果てに約束の凱歌を -jubeat edition-	かめりあ
90000175	ここからよろしく大作戦143	"BEMANI Sound Team ""あさき隊"" "
90000176	思想犯	ヨルシカ
90000177	ボッカデラベリタ	柊キライ
90000178	turn into white	"BEMANI Sound Team ""S-C-U & TATSUYA"" "
90000179	Still Lonesome	PSYQUI
90000180	Lava Flow	"BEMANI Sound Team ""S-C-U & SYUNN"" "
90000181	TOON MANIAC	"Theme from""TOON MANIA"" "
90000182	Come to Life	ARM (IOSYS) feat. Nicole Curry
90000184	Fireball	BEMANI Sound Team "Bumble Bee"
90000185	Boomy and The Boost	Eagle
90000186	MA・TSU・RI	"かなたん,アマギセーラ,ぁゅ by BEMANI Sound Team ""藤森崇多"""
90000187	ユメブキ	紫崎 雪,Risa Yuzuki,709sec. by BEMANI Sound Team "PHQUASE & SYUNN"
90000188	MOVE! (We Keep It Movin’)	Jonny Dynamite!,Lisa - paint with stars -,Rio Hiiragi by BEMANI Sound Team 'U1-ASAMi'
90000189	斑咲花	mami,駄々子 by BEMANI Sound Team "Akhuta Works"
90000190	LIKE A VAMPIRE	"koyomi,星野奏子 by BEMANI Sound TEAM ""TAKA"""
90000191	スーパー戦湯ババンバーン	"すわひでお,秋成,かぼちゃ,藍月なくる,NU-KO by BEMANI Sound Team ""八戸亀生羅"""
90000192	Catch Me	DJ Yoshitaka feat. ERi
90000193	茶渋シンドローム	みゅい
90000194	December in Strasbourg	nana(Sevencolors) feat. mana
90000195	Triple Cross	BEMANI Sound Team"dj TAKA & DJ YOSHITAKA & SYUNN"
90000196	Aftermath	BEMANI Sound Team "猫叉Master & あさき & Yvya"
90000197	FLOWER (BEMANI SYMPHONY Arr.)	DJ YOSHITAKA × onoken + gaQdan
90000198	Timepiece phase II (BEMANI SYMPHONY Arr.)	佐々木博史 × bermei.inazawa + gaQdan
90000199	海神 (BEMANI SYMPHONY Arr.)	兎々 Arranged by ござ
90000200	バッドエンド・シンドローム (BEMANI SYMPHONY Arr.)	アリスシャッハと魔法の楽団 × onoken + gaQdan
90000201	Lisa-RICCIA (BEMANI SYMPHONY Arr.)	DJ YOSHITAKA × onoken + gaQdan
90000202	朧 (BEMANI SYMPHONY Arr.)	HHH×MM×ST × 浦木 裕太 + gaQdan
90000203	天空の夜明け (BEMANI SYMPHONY Arr.)	Cuvelia × Nagiha + gaQdan
90000204	サヨナラ・ヘヴン (BEMANI SYMPHONY Arr.)	猫叉Master × Morrigan feat.Lily + gaQdan
90000205	Lachryma《Re:Queen’M》 (BEMANI SYMPHONY Arr.)	かねこちはる × Morrigan + gaQdan
90000206	Idola (BEMANI SYMPHONY Arr.)	iconoclasm × 原口 大 + gaQdan
90000207	Everlasting Message (BEMANI SYMPHONY Arr.)	ぺのれり × Osamu Kubota + gaQdan
90000208	starmine (BEMANI SYMPHONY Arr.)	Ryu☆ × デビン木下 + gaQdan
90000209	Colorful Cookie (BEMANI SYMPHONY Arr.)	Lucky Vacuum × デビン木下 + gaQdan
90000210	POSSESSION (BEMANI SYMPHONY Arr.)	TAG underground × 中村 康隆 + gaQdan
90000211	Element of SPADA (BEMANI SYMPHONY Arr.)	猫叉Master feat.霜月はるか × 大嶋 啓之 + gaQdan
90000212	嘆きの樹 (BEMANI SYMPHONY Arr.)	金獅子 × Nagiha & Osamu Kubota + gaQdan
90000213	流砂の嵐 (BEMANI SYMPHONY Arr.)	劇団レコード Arranged by ござ
90000214	さよなら世界 (BEMANI SYMPHONY Arr.)	猫叉Master Arranged by ござ
90000215	Hero Revealed	Yooh
90000216	Fly Above	Sota Fujimori
90000229	XENOViA	BlackY
90000232	↑↑↓↓←→←→BA	meiyo
90000233	YONA YONA DANCE	和田アキ子
90000234	シル・ヴ・プレジデント	P丸様。
90000235	最凶アンビバレント	森羅万象
90000236	ルナティックモンスター	フーリンキャットマーク
90000237	DEATH WORMHOLE	SOUND HOLIC feat.Nana Takahashi
90000238	マツヨイナイトバグ	ビートまりおとまろん
90000239	ワールズエンド・ダンスホール	wowaka
90000240	メランコリック	Junky
90000241	みくみくにしてあげる♪【してやんよ】	ika
90000242	リカーシブ･ファンクション	OSTER Project
90000243	Juicy	kors k Lovers DJ Yoshitaka
90000244	海神	兎々
90000245	Chippin Break	あるふぁ
90000246	Laughin’ Muffin	Gowrock
90000247	Metsysralos	庭師
90000248	「Sweet Love」	ときめきメモリアル Girl's Side 4th Heart
90000250	鋳鉄の檻	"小寺可南子,ランコ,SARAH by BEMANI Sound Team ""Yvya"""
90000251	チュッチュ ♪ マチュピチュ	"ななひら, Nana Takahashi, 猫体質 by BEMANI Sound Team ""劇ダンサーレコード"""
90000252	Globe Glitter	"Sana,ATSUMI UEDA by BEMANI Sound TEAM ""PON"""
90000253	DUAL STRIKER	"Mayumi Morinaga,Fernweh by BEMANI Sound Team ""L.E.D.&HuΣeR"""
90000254	"ピアノ独奏無言歌 ""灰燼"""	"BEMANI Sound Team ""Virkato Wakhmaninov"""
90001001	Proof of the existence [ 2 ]	猫叉Master+
90001002	Life Connection [ 2 ]	world sequence
90001003	つぼみ [ 2 ]	達見 恵 featured by 佐野宏晃
90001004	SigSig [ 2 ]	kors k
90001005	True Blue [ 2 ]	dj TAKA feat.AiMEE
90001006	sola [ 2 ]	小野秀幸
90001007	サヨナラ・ヘヴン [ 2 ]	猫叉Master
90001008	虚空と光明のディスクール [ 2 ]	日向美ビタースイーツ♪
90001009	unisonote [ 2 ]	onoken
90001010	ツーマンライブ [ 2 ]	東雲夏陽 meets 日向美ビタースイーツ♪
90001011	Snow Goose [ 2 ]	Mutsuhiko Izumi
90001012	cloche [ 2 ]	Qrispy Joybox
90001013	I'm so Happy [ 2 ]	Ryu☆
90001014	Queen's Paradise [ 2 ]	Nanako
90001015	Icicles [ 2 ]	Jimmy Weckl
90001016	スペースカーニバル [ 2 ]	shooting star
90001017	[E] [ 2 ]	dj MAX STEROID
90001018	Sakura Sunrise [ 2 ]	Ryu☆
90001019	ALL MY HEART -この恋に、わたしの全てを賭ける- [ 2 ]	SUPER HEROINE 彩香-AYAKA
90001020	創世ノート [ 2 ]	PON+wac
90001021	Chronos [ 2 ]	TAG
90001022	Daily Lunch Special [ 2 ]	Lucky Vacuum
90001023	Polaris [ 2 ]	Mutsuhiko Izumi
90001024	VALLIS-NERIA [ 2 ]	DJ YOSHITAKA
90001025	Our Faith [ 2 ]	kors k
90001026	いーあるふぁんくらぶ [ 2 ]	みきとP
90001027	Scarlet Moon [ 2 ]	REDALiCE feat. Ayumi Nomiya
90001028	ETERNAL BLAZE [ 2 ]	
90001029	眼光 [ 2 ]	猫大樹
90001030	情熱大陸 [ 2 ]	
90001031	HOT LIMIT [ 2 ]	
90001032	LANA - キロクノカケラ - [ 2 ]	TOMOSUKE×Jazzin'park
90001033	ロストワンの号哭 [ 2 ]	Neru
90001034	取り残された美術(Arranged:HiZuMi) [ 2 ]	幽閉サテライト feat. senya
90001035	Lava Flow [ 2 ]	"BEMANI Sound Team ""S-C-U & SYUNN"" "
